id,category,difficulty,question,should_abstain,expected_values,expected_dois,expected_chunk_ids
polymd_0001,single_property_lookup,easy,"In the paper 'Investigation of packaging adhesive properties by molecular dynamics and experiments', what glass transition temperature is reported for Epoxy resin (DGEBA and 1,6-Diaminohexane) using the COMPASS force field?",False,350,https://doi.org/10.1002/app.49613,4f52611354ba
polymd_0002,single_property_lookup,easy,Report the glass transition temperature of Polystyrene Nanocomposite with Nanoparticle using IBI-derived CG model with MD-SCF and cite the DOI.,False,170,https://doi.org/10.1140/epjst/e2016-60127-0,6564e80fa860
polymd_0003,single_property_lookup,easy,Report the density of Poly(ethylene oxide) using OPLSR (full charge) and cite the DOI.,False,1.176,https://doi.org/10.3390/polym13071131,ea7c41bb6238
polymd_0004,single_property_lookup,easy,"What is the density value for Poly(ethylene glycol) 2000 with GROMOS 54A7, according to 'Solutions and Condensed Phases of PEG2000 from All-Atom Molecular Dynamics'?",False,1.209,https://doi.org/10.1021/acs.jpcb.1c06397,d54a18a2880f
polymd_0005,single_property_lookup,easy,Report the Young's modulus of An Epoxy Resin (DGEVA/MDEA) using CHARMM and cite the DOI.,False,3.23,https://doi.org/10.1021/acsomega.2c03071,d69d9628350c
polymd_0006,single_property_lookup,easy,"What is the Young's modulus value for An Epoxy Resin (DGEBA/IPDA) with CHARMM, according to 'Molecular Simulations of Thermomechanical Properties of EpoxyAmine Resins'?",False,2.56,https://doi.org/10.1021/acsomega.2c03071,1e1ffa070200
polymd_0007,single_property_lookup,easy,Report the Young's modulus of An Epoxy Resin (PHTE/MXDA) using CHARMM and cite the DOI.,False,4.88,https://doi.org/10.1021/acsomega.2c03071,d53b0c74318e
polymd_0008,single_property_lookup,easy,Report the glass transition temperature of PMMA/PS polymer blend (80:20) using COMPASS and cite the DOI.,False,358,https://doi.org/10.1016/j.cjph.2018.09.034,238561d9a1d0
polymd_0009,single_property_lookup,easy,"What is the glass transition temperature value for Chloroprene Rubber with COMPASS, according to 'An Insight into molecular structure and properties of flexible amorphous polymers: A molecular dynamics simulation approach'?",False,222,https://doi.org/10.1002/app.47457,7a59fe730c19
polymd_0010,single_property_lookup,easy,Report the density of Polylactic Acid using OPLS and cite the DOI.,False,1.193,https://doi.org/10.1021/acs.iecr.3c03038,6f4183ba3eb8
polymd_0011,single_property_lookup,easy,"What is the glass transition temperature value for Polyethylene Oxide with Lithium bis(trifluoromethanesulfonyl)imide with GAFF, according to 'Effects of Solvent Polarity on Li-ion Diffusion in Polymer Electrolytes: An All-Atom Molecular Dynamics Study with Charge Scaling'?",False,295,https://doi.org/10.1021/acs.jpcb.0c05108,1410325a50d7
polymd_0012,single_property_lookup,easy,"In the paper 'Water harvesting using a conducting polymer_ A study by molecular dynamics simulation', what diffusion coefficient is reported for Polyaniline doped with hydrobromic acid using the PC and COMPASS force field?",False,4.16e-12,https://doi.org/10.1103/physreve.79.061801,cddfd46a74c8
polymd_0013,single_property_lookup,easy,"In the paper 'Research on structures_ mechanical properties_ and mechanical responses of TKX-50 and TKX-50 based PBX with molecular dynamics', what density is reported for Poly(vinylidene fluoride) using the DREIDING force field?",False,1.15,https://doi.org/10.1007/s00894-016-2913-4,dd99d5b39832
polymd_0014,single_property_lookup,easy,"In the paper 'Dynamics response of polyethylene polymer nanocomposites to shock wave loading', what density is reported for Polyethylene using the Custom CG PE force field: harmonic bonded terms + LJ (12-6) force field?",False,0.66,https://doi.org/10.1002/polb.23758,d2d949d3f986
polymd_0015,single_property_lookup,easy,"In the paper 'Comparison of Crosslinking Algorithms in Molecular Dynamics Simulation of Thermosetting Polymers', what glass transition temperature is reported for DGEBA-POP — DGEBA–poly(oxypropylene) epoxy network using the GAFF force field?",False,441,https://doi.org/10.1002/mats.201400094,fa92f5e062c5
polymd_0016,single_property_lookup,easy,"What is the density value for Hydroxypropylmethylcellulose with Amber and Glycam, according to 'Molecular Dynamics Simulation of Amorphous Hydroxypropylmethylcellulose and Its Mixtures With Felodipine and Water'?",False,1.23,https://doi.org/10.1016/j.xphs.2016.10.026,7f27e0620d83
polymd_0017,single_property_lookup,easy,Report the density of Polyethylene (PE) C78 (39 ethylene units) using United-atom (UA) polyethylene force field and cite the DOI.,False,0.7638,https://doi.org/10.1103/physrevb.79.144302,37d67cf8a0dc
polymd_0018,single_property_lookup,easy,"In the paper 'All-Atom Molecular Dynamics Simulations on a Single Chain of PET and PEV Polymers', what density is reported for Poly(ethylene vanillate) using the OPLS force field?",False,1.23,https://doi.org/10.3390/polym14061161,4ce83ccea456
polymd_0019,single_property_lookup,easy,"In the paper 'Crosslink network rearrangement via reactive encapsulation of solvent in epoxy curing: A combined molecular simulation and experimental study', what Young's modulus is reported for Epon 828 (Diglycidyl ether of bisphenol A) using the GAFF force field?",False,3.79,https://doi.org/10.1016/j.polymer.2014.06.022,d0bf8ce3c9c5
polymd_0020,single_property_lookup,easy,Report the glass transition temperature of Poly(methyl methacrylate-co-methacrylamide) using AMBER and cite the DOI.,False,416.2,https://doi.org/10.1007/s00289-016-1637-z,2c3d52a0d88e
polymd_0021,single_property_lookup,easy,"Report the density of cis-1,4-Polybutadiene using united atom model by Smith and Paul and cite the DOI.",False,0.94,https://doi.org/10.1063/1.2174003,d5b132938b0b
polymd_0022,single_property_lookup,easy,"What is the Young's modulus value for Epon 828 (Diglycidyl ether of bisphenol A) with GAFF, according to 'Crosslink network rearrangement via reactive encapsulation of solvent in epoxy curing: A combined molecular simulation and experimental study'?",False,4.17,https://doi.org/10.1016/j.polymer.2014.06.022,6a182c9cfaa8
polymd_0023,single_property_lookup,easy,"In the paper 'Coarse-grained molecular dynamics simulations of epoxy resin during the curing process', what viscosity is reported for Epoxy Phenol Novolac Bisphenol A epoxy resin using the Coarse-grained molecular dynamics (CGMD) model by Qu et al. force field?",False,0.00258,https://doi.org/10.1016/j.commatsci.2015.04.022,d3cbefbf17be
polymd_0024,single_property_lookup,easy,Report the Young's modulus of Poly(methyl methacrylate-co-methacrylamide) using AMBER and cite the DOI.,False,3.54,https://doi.org/10.1007/s00289-016-1637-z,efd6e6b4c212
polymd_0025,single_property_lookup,easy,"In the paper 'Atomistic hybrid particle-field molecular dynamics combined with slip-springs- Restoring entangled dynamics to simulations of polymer melts', what density is reported for Polyethylene using the United-atom model force field?",False,0.77,https://doi.org/10.1002/jcc.26428,aba85227bb7a
polymd_0026,single_property_lookup,easy,"In the paper 'Mesoscopic Modeling of Bio-Compatible PLGA Polymers with Coarse-Grained Molecular Dynamics Simulations', what glass transition temperature is reported for Poly(lactic-co-glycolic acid) using the MOLC (CG) force field?",False,367,https://doi.org/10.1021/acs.jpcb.4c07518,87e7256907a4
polymd_0027,single_property_lookup,easy,Report the Young's modulus of PI/SiO hybrid material (13.16% SiO2) using COMPASS and cite the DOI.,False,4.552,https://doi.org/10.1002/app.47335,65d9cf71986c
polymd_0028,single_property_lookup,easy,Report the radius of gyration of Polyacrylamide using DREIDING-SPC and cite the DOI.,False,1.716,https://doi.org/10.1080/08927022.2018.1531401,5442cdc06990
polymd_0029,single_property_lookup,easy,"What is the density value for Polyethylene Oxide / Polymethyl Methacrylate Blend with Polymer Consortium Force Field (PCFF), according to 'Dynamics of poly(ethylene oxide) in a blend with poly(methyl methacrylate): A quasielastic neutron scattering and molecular dynamics simulations study'?",False,1.08,https://doi.org/10.1103/physreve.72.031808,954d25e76876
polymd_0030,single_property_lookup,easy,Report the glass transition temperature of Two-branched poly(ε-caprolactone) using PCFF and cite the DOI.,False,278,https://doi.org/10.1021/acs.jpcb.2c01973,3fdd3f75bfa1
polymd_0031,single_property_lookup,easy,"In the paper 'Crosslink network rearrangement via reactive encapsulation of solvent in epoxy curing: A combined molecular simulation and experimental study', what glass transition temperature is reported for Epon 828 (Diglycidyl ether of bisphenol A) using the GAFF force field?",False,415,https://doi.org/10.1016/j.polymer.2014.06.022,db32629e3247
polymd_0032,single_property_lookup,easy,Report the diffusion coefficient of Branched polyethylene/poly(ethylene oxide) with 10 EO units side-chain using Custom all-atom polymer electrolyte force field (literature-derived) and cite the DOI.,False,1.2e-13,https://doi.org/10.1016/j.electacta.2011.03.022,241289afbf69
polymd_0033,single_property_lookup,easy,"In the paper 'Molecular Dynamics Simulation of Amorphous Hydroxypropylmethylcellulose and Its Mixtures With Felodipine and Water', what glass transition temperature is reported for Hydroxypropylmethylcellulose using the Amber and Glycam force field?",False,406,https://doi.org/10.1016/j.xphs.2016.10.026,0c072359a0d1
polymd_0034,single_property_lookup,easy,"What is the density value for Polyethylene (ring melt) with united-atom (UA) model with parameters from Nath and Khare, Van der Ploeg and Berendsen, Toxvaerd, T, according to 'Melt Structure and Dynamics of Unentangled Polyethylene Rings: Rouse Theory, Atomistic Molecular Dynamics Simulation, and Comparison with the Linear Analogues'?",False,0.773,https://doi.org/10.1021/ma1017555,3534f27b64e0
polymd_0035,single_property_lookup,easy,Report the radius of gyration of β(1→4) Glucopyranose Octamer using CHARMM and cite the DOI.,False,1.19,https://doi.org/10.1021/acs.jctc.4c00543,98377b850d59
polymd_0036,single_property_lookup,easy,Report the glass transition temperature of Polyimide from PMDA and PDA using COMPASS and cite the DOI.,False,734,https://doi.org/10.1016/j.polymer.2019.121645,55c708a236b6
polymd_0037,single_property_lookup,easy,"What is the Young's modulus value for Styrene Copolymer 2c (5 mol% isobutyl-T8-POSS) with COMPASS, according to 'Properties of polystyrene and polymethyl methacrylate copolymers of polyhedral oligomeric silsesquioxanes_ A molecular dynamics study'?",False,3.93,https://doi.org/10.1002/polb.20691,8ed020905882
polymd_0038,single_property_lookup,easy,Report the viscosity of Epoxy Phenol Novolac Bisphenol A epoxy resin using Coarse-grained molecular dynamics (CGMD) model by Qu et al. and cite the DOI.,False,0.0113,https://doi.org/10.1016/j.commatsci.2015.04.022,7e5bd148acbb
polymd_0039,single_property_lookup,easy,"What is the diffusion coefficient value for Polyethylene Terephthalate with CG force field derived via OZPY⁻¹ inversion and fitted LJ 7–6 potentials., according to 'Coarse-Grained Molecular Dynamics Simulation of Polyethylene Terephthalate (PET)'?",False,4.7e-11,https://doi.org/10.1021/ma102084a,aee07869889e
polymd_0040,single_property_lookup,easy,Report the radius of gyration of Poly(3-hexylthiophene) using PCFF and cite the DOI.,False,0.85,https://doi.org/10.1016/j.apsusc.2012.07.152,bea9df3d35de
polymd_0041,single_property_lookup,easy,"What is the Young's modulus value for Polyethylene bulk with United atom model by Paul et al. with modifications by Bolton et al. and In't Veld and Rutledge, according to 'Mechanical Properties of Glassy Polyethylene Nanofibers via Molecular Dynamics Simulations'?",False,1.838,https://doi.org/10.1021/ma900250y,bc6b26bc49b6
polymd_0042,single_property_lookup,easy,Report the Young's modulus of Epon 828 (Diglycidyl ether of bisphenol A) using GAFF and cite the DOI.,False,4.5,https://doi.org/10.1016/j.polymer.2014.06.022,ee3fa56661bf
polymd_0043,single_property_lookup,easy,"In the paper 'A molecular dynamics study of water transport inside an epoxy polymer matrix', what Young's modulus is reported for Diglycidyl Ether of Bisphenol A (EPON 828) crosslinked with Diethylenetriamine (DETA) using the OPLS-AA force field?",False,3.7,https://doi.org/10.1016/j.commatsci.2015.04.032,e9797c7b5bd8
polymd_0044,single_property_lookup,easy,"In the paper 'Coarse-Grained Force Field Calibration Based on Multiobjective Bayesian Optimization to Simulate Water Diffusion in Poly-Œµ-caprolactone', what diffusion coefficient is reported for Polycaprolactone using the MARTINI coarse-grained force field?",False,1.46e-11,https://doi.org/10.1021/acs.jpca.0c01939,a2f920efa7a5
polymd_0045,single_property_lookup,easy,Report the radius of gyration of Polydimethylsiloxane (PDMS) N=60 using Coarse-grained molecular dynamics with Lennard-Jones beads and cite the DOI.,False,3.82*,https://doi.org/10.1063/1.4893055,46f093f78602
polymd_0046,single_property_lookup,easy,"In the paper 'Dynamics, Aggregation, and Interfacial Properties of the Partially Hydrolyzed Polyacrylamide Polymer for Enhanced Oil Recovery Applications: Insights from Molecular Dynamics Simulations', what radius of gyration is reported for Partially Hydrolyzed Polyacrylamide (20% hydrolyzed) [20-mer] using the OPLS-AA force field?",False,0.83,https://doi.org/10.1021/acs.energyfuels.8b00010,74743c54f798
polymd_0047,single_property_lookup,easy,Report the radius of gyration of Two-branched poly(ε-caprolactone) using OPLS-AA and cite the DOI.,False,0.769,https://doi.org/10.1021/acs.jpcb.2c01973,91d05ad115b2
polymd_0048,single_property_lookup,easy,Report the radius of gyration of Poly(ethylene oxide) using GROMOS 45a3 and cite the DOI.,False,1.96,https://doi.org/10.1021/jp0773841,7485d19ed678
polymd_0049,single_property_lookup,easy,"In the paper 'Molecular Dynamics Simulation of Interactions between a Sodium Dodecyl Sulfate Micelle and a Poly(Ethylene Oxide) Polymer', what radius of gyration is reported for Poly(ethylene oxide) using the GROMOS 45a3 force field?",False,0.75,https://doi.org/10.1021/jp0773841,6ee975cee9d5
polymd_0050,single_property_lookup,easy,Report the diffusion coefficient of Branched polyethylene/poly(ethylene oxide) with 8 EO units side-chain using Custom all-atom polymer electrolyte force field (literature-derived) and cite the DOI.,False,6.8e-14,https://doi.org/10.1016/j.electacta.2011.03.022,d2d8e6b3dd74
polymd_0051,single_property_lookup,easy,"What is the diffusion coefficient value for Poly(ethylene oxide) with Quantum-chemistry-based PEO/PEO and PEO/water force field with TIP4P water model, according to 'Concentration Dependence of Water Dynamics in Poly(Ethylene Oxide)/Water Solutions from Molecular Dynamics Simulations'?",False,2.4e-10,https://doi.org/10.1021/jp012949t,3735550db441
polymd_0052,single_property_lookup,easy,Report the Young's modulus of Styrene Copolymer 2a (4 mol% cyclopentyl-T8-POSS) using COMPASS and cite the DOI.,False,4.12,https://doi.org/10.1002/polb.20691,b8de7ef4b206
polymd_0053,single_property_lookup,easy,Report the radius of gyration of PEE-b-PEO E5O15 blended with PPO (length 5) using Standard DPD Force Field and cite the DOI.,False,11,https://doi.org/10.1016/j.polymer.2009.09.014,cfb407c02a88
polymd_0054,single_property_lookup,easy,"What is the viscosity value for Poly(3-hydroxybutyrate) with mPCFF, according to 'Molecular dynamics simulations for glass transition temperature predictions of polyhydroxyalkanoate biopolymers'?",False,0.109,https://doi.org/10.1039/d0cp03163a,e5e56860e9df
polymd_0055,single_property_lookup,easy,Report the radius of gyration of Ethylene-Propylene-Diene Monomer Copolymer (oxidized variant k) using GAFF and cite the DOI.,False,2.17,https://doi.org/10.1016/j.polymdegradstab.2017.12.001,7b8922be6f34
polymd_0056,single_property_lookup,easy,"What is the radius of gyration value for β(1→4) Glucopyranose Octamer with GROMOS, according to 'The Conformation of Glycosidic Linkages According to Various Force Fields- Monte Carlo Modeling of Polysaccharides Based on Extrapolation of Short-Chain Properties'?",False,1.2,https://doi.org/10.1021/acs.jctc.4c00543,aa2b944398e8
polymd_0057,single_property_lookup,easy,"What is the viscosity value for Polyethylene Terephthalate with CG force field derived via OZPY⁻¹ inversion and fitted LJ 7–6 potentials., according to 'Coarse-Grained Molecular Dynamics Simulation of Polyethylene Terephthalate (PET)'?",False,0.0026,https://doi.org/10.1021/ma102084a,89dbb0ccca99
polymd_0058,single_property_lookup,easy,"What is the radius of gyration value for Polyethylene Terephthalate with CG force field derived via OZPY⁻¹ inversion and fitted LJ 7–6 potentials., according to 'Coarse-Grained Molecular Dynamics Simulation of Polyethylene Terephthalate (PET)'?",False,1.05,https://doi.org/10.1021/ma102084a,b5ea31d3f2ea
polymd_0059,single_property_lookup,easy,"What is the diffusion coefficient value for Ethylene-Propylene-Diene Monomer Copolymer (oxidized variant l) with GAFF, according to 'Influence of oxidation on the dynamics in amorphous ethylene-propylene-diene-monomer copolymer: A molecular dynamics simulation'?",False,6.19e-12,https://doi.org/10.1016/j.polymdegradstab.2017.12.001,4c5bab26a11b
polymd_0060,single_property_lookup,easy,"What is the diffusion coefficient value for Branched polyethylene/poly(ethylene oxide) with 12 EO units side-chain with Custom all-atom polymer electrolyte force field (literature-derived), according to 'Branched polyethylene/poly(ethylene oxide) as a host matrix for Li-ion battery electrolytes: A molecular dynamics study'?",False,1.1e-13,https://doi.org/10.1016/j.electacta.2011.03.022,95dba47a9169
polymd_0061,multi_value_lookup,medium,What diffusion coefficient values are available for Polyethylene (H-shaped)? Include force fields and DOI citations.,False,5.5e-11|4.7e-11|1.5e-11|3.1e-11|1.4e-11|4.9e-12,https://doi.org/10.1021/ma050989f,bd339401bff2|42704eb3534b|7132f9893412|75071af8d08d|96afc698a41f|6b5a5b426b3d
polymd_0062,multi_value_lookup,medium,What glass transition temperature values are available for Poly(ethylene terephthalate)? Include force fields and DOI citations.,False,345|215|275|265|215,https://doi.org/10.1063/1.5145142|https://doi.org/10.3390/polym14061161,be570c9e3cfe|d0d0f98aa270|f068fa975f45|5fbd094ab303|e3bde6bf7727
polymd_0063,multi_value_lookup,medium,"What glass transition temperature values are available for trans-1,4-Polyisoprene? Include force fields and DOI citations.",False,228|225,https://doi.org/10.1021/acs.jpcb.5b10789,cf85c61d0405|43a6d07cc8c6
polymd_0064,multi_value_lookup,medium,What Young's modulus values are available for Polystyrene? Include force fields and DOI citations.,False,2.71|3.6,https://doi.org/10.1016/j.chemosphere.2024.142056|https://doi.org/10.1103/physreve.81.011803,a0f264eb092f|a1ac9f65fd0a
polymd_0065,multi_value_lookup,medium,What radius of gyration values are available for Polyimide from PMDA and PDA? Include force fields and DOI citations.,False,3.62,https://doi.org/10.1016/j.polymer.2019.121645,6eba003d1e51
polymd_0066,multi_value_lookup,medium,What density values are available for Poly(3'-dodecylthiophene)? Include force fields and DOI citations.,False,1.16,https://doi.org/10.1016/j.polymer.2015.09.028,1c9e05aa4f2a
polymd_0067,multi_value_lookup,medium,What radius of gyration values are available for Partially Hydrolyzed Polyacrylamide (20% hydrolyzed) [20-mer]? Include force fields and DOI citations.,False,0.83,https://doi.org/10.1021/acs.energyfuels.8b00010,74743c54f798
polymd_0068,multi_value_lookup,medium,What diffusion coefficient values are available for Polyacrylic Acid (PAA) + Flufenamic Acid (FLA)? Include force fields and DOI citations.,False,4.2e-11,https://doi.org/10.3390/pharmaceutics10030101,57fd623c6918
polymd_0069,multi_value_lookup,medium,What radius of gyration values are available for Pluronic P85 (PEO-PPO-PEO triblock copolymer)? Include force fields and DOI citations.,False,2.13|5,https://doi.org/10.1021/jp309476u,c226a6ed3b5e|d094e1a2f8ad
polymd_0070,multi_value_lookup,medium,What glass transition temperature values are available for Polybutadiene Rubber? Include force fields and DOI citations.,False,181,https://doi.org/10.1002/app.47457,646a99d012f9
polymd_0071,multi_value_lookup,medium,What radius of gyration values are available for Polymethylene (C44H90) melt chains? Include force fields and DOI citations.,False,0.975,https://doi.org/10.1021/ma961772b,b402cbaf2f24
polymd_0072,multi_value_lookup,medium,What radius of gyration values are available for Linear Polyethylenimine (LPEI51p0)? Include force fields and DOI citations.,False,1.66,https://doi.org/10.1002/jcc.27005,1cc1c22c14ac
polymd_0073,multi_value_lookup,medium,"What Young's modulus values are available for Epoxy resin (DGEBA cured with 3,3'-Diaminodiphenylsulfone)? Include force fields and DOI citations.",False,2.81,https://doi.org/10.1007/s00707-013-1064-2,c9be4de110c9
polymd_0074,multi_value_lookup,medium,What density values are available for Polyaniline doped with hydrobromic acid? Include force fields and DOI citations.,False,1.32,https://doi.org/10.1103/physreve.79.061801,9510fd507da8
polymd_0075,multi_value_lookup,medium,What radius of gyration values are available for Polyimide from PMDA and BIA? Include force fields and DOI citations.,False,3.93,https://doi.org/10.1016/j.polymer.2019.121645,8741289d1687
polymd_0076,multi_value_lookup,medium,What glass transition temperature values are available for Polyimide from PMDA and PDA? Include force fields and DOI citations.,False,734,https://doi.org/10.1016/j.polymer.2019.121645,55c708a236b6
polymd_0077,multi_value_lookup,medium,What Young's modulus values are available for An Epoxy Resin (DGEBU/IPDA)? Include force fields and DOI citations.,False,2.23,https://doi.org/10.1021/acsomega.2c03071,ee1c1fbdd1e0
polymd_0078,multi_value_lookup,medium,What density values are available for Polyethylene (C150H302)? Include force fields and DOI citations.,False,0.811,https://doi.org/10.3390/polym12051059,0f3dc235802c
polymd_0079,multi_value_lookup,medium,What density values are available for Polyvinyl Alcohol (PVOH)? Include force fields and DOI citations.,False,1.113,https://doi.org/10.1016/j.polymer.2005.03.121,387902ff36b3
polymd_0080,multi_value_lookup,medium,What glass transition temperature values are available for Polyoxyoctamethylene? Include force fields and DOI citations.,False,238|238,https://doi.org/10.1021/acsapm.0c00524|https://doi.org/10.26434/chemrxiv.12250229,5b5ae07c3bff|72acf9c644b5
polymd_0081,multi_value_lookup,medium,What density values are available for Poly(2-vinylpyridine) with octaaminophenyl polyhedral oligomeric silsesquioxane? Include force fields and DOI citations.,False,0.967,https://doi.org/10.1039/d0cp00799d,927043067a1a
polymd_0082,multi_value_lookup,medium,What Young's modulus values are available for Syndiotactic PMMA? Include force fields and DOI citations.,False,4.39,https://doi.org/10.1002/polb.20691,52f0533a0d0b
polymd_0083,multi_value_lookup,medium,What density values are available for Ethylene-Propylene-Diene Monomer Copolymer (oxidized variant m)? Include force fields and DOI citations.,False,0.879,https://doi.org/10.1016/j.polymdegradstab.2017.12.001,d5e4560dd557
polymd_0084,multi_value_lookup,medium,What Young's modulus values are available for Methyl methacrylate Copolymer 8a (10 mol% isobutyl-T8-POSS)? Include force fields and DOI citations.,False,3.64,https://doi.org/10.1002/polb.20691,7023bc70274b
polymd_0085,multi_value_lookup,medium,What Young's modulus values are available for TKX-50/PVDF Composite (011 surface)? Include force fields and DOI citations.,False,13.24,https://doi.org/10.1007/s00894-016-2913-4,e35248fadefc
polymd_0086,force_field_inventory,medium,What force fields are reported for Poly(ethylene terephthalate) in the dataset?,False,,https://doi.org/10.1063/1.5145142|https://doi.org/10.3390/polym14061161,7e71ac21a746|be570c9e3cfe|23ed70a588f2|d0d0f98aa270|c316501532b2|f068fa975f45|280a46ee3cf8|5fbd094ab303|e3bde6bf7727
polymd_0087,force_field_inventory,medium,What force fields are reported for Polyethylene Terephthalate in the dataset?,False,,https://doi.org/10.1021/ma102084a,27b15d6ce83b|e0324f9a9caa|7d007fc4fac6|c73007230475|d51ad354b9a8|67859679a517|79b7c930a38c|26494c39a2d7|89dbb0ccca99|5933188f032b|aee07869889e|b5ea31d3f2ea|ec01a2682415|811982267ad8|3bf7ad97b2c5|7975c9e8f01d|b772afa80359|faf805f834c5|2ccfef2228e5|798597b0fb9a|f1ad30fcad38|ec40fa68ee35|0b45835a375c|be79c0bf9d38|60ff3e797d3e|af32783d8165|8158c2653ac5|222bbb7ddf52|c444c9504f6a|dee07fd2a14b|a9ab2f9f9cb2|23ed02c83b95|bc907541f889
polymd_0088,force_field_inventory,medium,"What force fields are reported for cis-1,4-Polybutadiene in the dataset?",False,,https://doi.org/10.1002/polb.24342|https://doi.org/10.1016/j.cplett.2016.04.061|https://doi.org/10.1021/acs.jpcb.5b10789|https://doi.org/10.1039/c6sm00543h|https://doi.org/10.1063/1.2174003|https://doi.org/10.1063/1.5065785,47c953cd88b8|cade2c2a24ff|de2f2fd6f521|ed4f5bfa0d44|fe872eebf7f1|400581ff97ce|d5b132938b0b|0f6972b7164d|c43ee9947812|3f7451a6a230|5a5f6d2a08c5|3f3d6047d94d|2af0b913dc5c|aef63df96c8c|7b90d0f689af|7e104f59f08c|0922c4aae010|24ce43a3df9f|530d12db8659|8db60db18d71|730c5f0ddf2a|75962db1411e|dcbb95e107ce|68e63a8cce12|d8b27596b5bd
polymd_0089,force_field_inventory,medium,What force fields are reported for Syndiotactic Poly(methyl methacrylate) in the dataset?,False,,https://doi.org/10.1002/polb.23608|https://doi.org/10.1007/s00894-014-2377-3,c9dfa49151f7|a8430b2efe24|7e2969ad0a8d|c2ac095cf552|4b18e3f4dc73|75f8468f4c80
polymd_0090,force_field_inventory,medium,What force fields are reported for Poly(ethylene oxide) with LiTFSI in the dataset?,False,,https://doi.org/10.3390/polym13071131,12bbaac71fd1|67bcd2ca59ca
polymd_0091,force_field_inventory,medium,What force fields are reported for Poly(ethylene oxide) (PEO) in the dataset?,False,,https://doi.org/10.1039/d0sm00089b,a1a57bdbb734|7236ca190298|50b8bdbf3e04|03dfe006daa8|caa2a3924925|8d1492b19f72|44f451b827cf|cd2bb620436b
polymd_0092,force_field_inventory,medium,What force fields are reported for Polyacrylamide in the dataset?,False,,https://doi.org/10.1039/d0cp05767c|https://doi.org/10.1080/08927022.2018.1531401,97460fcc5c51|7ba7f8dd4822|5442cdc06990|95fe2f3bfc47|f74b7eb3be47
polymd_0093,force_field_inventory,medium,What force fields are reported for Poly(methyl methacrylate) in the dataset?,False,,https://doi.org/10.1007/s00289-016-1637-z|https://doi.org/10.1016/j.polymer.2019.121570|https://doi.org/10.1016/j.polymer.2023.126276|https://doi.org/10.1021/acs.macromol.0c01413|https://doi.org/10.1080/02678292.2017.1342146|https://doi.org/10.1088/1361-651x/ab615c|https://doi.org/10.4028/www.scientific.net/amr.668.199,546c153ec4ca|fd3d5ba00c4d|b9d250d794ec|cc40de90ebac|3e2cec9b1f58|c95af260b401|1df3dda676c6|03c4951a492b|6c325b51a81b|e41e9e23fce1|5fa28811e11d|5dafffa701ed|abad47afff5d|3d2d8d59e5bf|56e09972fd76|4c9a839d6cf6|682c7b3709b0|fb6986ca6c04|3b4a7d3b4722|9a5b8bc07c73|600abac17cf5|c68d290fec5d|82c2a81058dc|b7f70db16654|d13e87e67c95|251e1740de93|2e61f125f353|c98fe2ae7c8f|52d065d373e7|d91cf13366ca|69916c3f89e5|fd5ba96103a6
polymd_0094,force_field_inventory,medium,What force fields are reported for Polyethylene (PE) C50-C300 in the dataset?,False,,https://doi.org/10.1021/ma0714666,036ec298bc97|623cbf47b63d|623cbf47b63d
polymd_0095,force_field_inventory,medium,What force fields are reported for Ethylene glycol oligomers in the dataset?,False,,https://doi.org/10.1038/s41598-023-43804-5,de4132cca245|1b9826e9dda7|7c9f60702f38
polymd_0096,force_field_inventory,medium,What force fields are reported for Poly(3-hexylthiophene) in the dataset?,False,,https://doi.org/10.1016/j.apsusc.2012.07.152|https://doi.org/10.1016/j.commatsci.2013.03.040|https://doi.org/10.1021/acs.macromol.2c00131|https://doi.org/10.3390/molecules29163724,a89e07c791e0|5f8ade00d4be|4919aa2e6d8d|765d9d587aaf|bea9df3d35de|477b124c90a6
polymd_0097,force_field_inventory,medium,What force fields are reported for Polystyrene in the dataset?,False,,https://doi.org/10.1016/j.chemosphere.2024.142056|https://doi.org/10.1016/j.polymer.2017.02.078|https://doi.org/10.1021/acs.jctc.0c00954|https://doi.org/10.1021/jp407109r|https://doi.org/10.1080/02678292.2017.1342146|https://doi.org/10.1103/physreve.81.011803|https://doi.org/10.1140/epjst/e2016-60127-0,014fb8f9109f|a0f264eb092f|d79265945573|055805560797|a1ac9f65fd0a|37291fc8a263|69ca3a8e4691|5214758fca79|121c7a91011f|cf2237ba3696|b2042fe0e4e0|170d863c49a1|007a8099b75d|19e15d288db5|6fe4bbb49e8d|99724f9a042f|d90608cd4319|1b578c8bf665|b58708d4fbc6|1b9c0d70ad0e|4d8da06f0048|097459578f40|5d79ac69c412|f3465fc11dba|4fdab3d204d2|354c1b9d76cf|f87fad76709b|ca7f047f8dbd|ea50a205e18b|864fb4f1f2e8|6d14a3358923|cdd7aac63d91|13b0bb88e296|42a170412cb3|d3e36b107d60|6423a094239d
polymd_0098,force_field_inventory,medium,What force fields are reported for β(1→4) Glucopyranose Octamer in the dataset?,False,,https://doi.org/10.1021/acs.jctc.4c00543,98377b850d59|03c440ddcc10|aa2b944398e8|f774122b76ff
polymd_0099,force_field_inventory,medium,What force fields are reported for Diglycidyl Ether of Bisphenol F crosslinked with Diethyltoluenediamine in the dataset?,False,,https://doi.org/10.1016/j.jmgm.2007.12.001,c04393e69015|dddecb6009b6
polymd_0100,force_field_inventory,medium,What force fields are reported for Two-branched poly(ε-caprolactone) in the dataset?,False,,https://doi.org/10.1021/acs.jpcb.2c01973,bebc0c9f32d0|ec6f711a4586|15794c96a03d|9e1a23410ff5|ef8b545bfd0e|3fdd3f75bfa1|f432dec75c6b|58d4cddeba51|91d05ad115b2|cfae89c07735|cc2c11ace25b|82dd998e61ed
polymd_0101,force_field_inventory,medium,What force fields are reported for Poly(ethylene oxide) in the dataset?,False,,https://doi.org/10.1002/polb.24355|https://doi.org/10.1021/acs.jctc.2c01151|https://doi.org/10.1021/acs.macromol.0c01413|https://doi.org/10.1021/jp012949t|https://doi.org/10.1021/jp0773841|https://doi.org/10.1021/ma7024072|https://doi.org/10.3390/polym13071131,c5fbcb30328a|e0db91ee4314|ea7c41bb6238|98e1546821b0|bda4eb26334e|58a5c872a3a5|3735550db441|6f16890542ab|f484b0ca83ae|00ed78808a35|1711d60ab0e5|6ee975cee9d5|4dbb53a0b6ea|1d87cc6a8ce8|7485d19ed678|4fb535e3229a
polymd_0102,force_field_inventory,medium,What force fields are reported for Isotactic Polypropylene in the dataset?,False,,https://doi.org/10.1039/d2sm00200k,8592a520ffbc|1adbafc44d15|c84204dbf71d|dbd4ac0b228f|c1d19f674ca9
polymd_0103,force_field_inventory,medium,What force fields are reported for Poly(ethylene glycol) 200 in the dataset?,False,,https://doi.org/10.1021/acs.jpcb.2c06773,95786754aa1b|043670c09401|37ebc5efa47f|9d8fc21a586f|cf7ef98fc779|f4b32ca8c6fe
polymd_0104,force_field_inventory,medium,What force fields are reported for Isotactic Poly(methyl methacrylate) in the dataset?,False,,https://doi.org/10.1002/polb.23608|https://doi.org/10.1007/s00894-014-2377-3,ae38439c202e|feb4fc36cb8f|a58c43801169|78c5d368bef7|3b2200c386b5|8fb6a265d136
polymd_0105,force_field_inventory,medium,What force fields are reported for Polyethylene Oxide in the dataset?,False,,https://doi.org/10.1021/acs.jpcb.0c05108|https://doi.org/10.1021/jp512734g|https://doi.org/10.1063/1.472035|https://doi.org/10.1080/08927022.2018.1531401,81931fc90b05|9a13c0940660|f2addc96a62c|4572d930014c|4572d930014c|4572d930014c|4572d930014c|4572d930014c|4572d930014c|318e1354f9c4|2caed9a13608|24d9a0ae948b|c3ee3266d716
polymd_0106,source_lookup,easy,Which source DOI reports glass transition temperature = 170 for Polystyrene using IBI-derived CG model with MD-SCF?,False,,https://doi.org/10.1140/epjst/e2016-60127-0,6fe4bbb49e8d
polymd_0107,source_lookup,easy,Which source DOI reports glass transition temperature = 413 for Poly(methyl methacrylate) (PMMA) isotactic using Kirschner PMMA Force Field?,False,,https://doi.org/10.1039/c7sm02008b,d01f93145344
polymd_0108,source_lookup,easy,Which source DOI reports Young's modulus = 2.02 for Poly(propylene) using DREIDING?,False,,https://doi.org/10.1088/1361-651x/ab615c,57cb80d842e9
polymd_0109,source_lookup,easy,Which source DOI reports Young's modulus = 0.03 for Polyethylene using United atom model by Paul et al. with modifications by Bolton et al. and In't Veld and Rutledge?,False,,https://doi.org/10.1021/ma900250y,b4c63c95648f
polymd_0110,source_lookup,easy,Which source DOI reports density = 1.2 for Polyaniline doped with hydrochloric acid using PC and COMPASS?,False,,https://doi.org/10.1103/physreve.79.061801,029dfe4cbcae
polymd_0111,source_lookup,easy,Which source DOI reports Young's modulus = 0.32 for Polyethylene using Custom CG PE force field: harmonic bonded terms + LJ (12-6)?,False,,https://doi.org/10.1002/polb.23758,2520b424c6c2
polymd_0112,source_lookup,easy,Which source DOI reports glass transition temperature = 421 for Poly(dicyclopentadiene) using GAFF?,False,,https://doi.org/10.1039/c8sm01483c,17c3b43f77c8
polymd_0113,source_lookup,easy,Which source DOI reports Young's modulus = 0.84 for Polyethylene using Custom CG PE force field: harmonic bonded terms + LJ (12-6)?,False,,https://doi.org/10.1002/polb.23758,805738f512ae
polymd_0114,source_lookup,easy,Which source DOI reports diffusion coefficient = 1.4e-11 for Polyethylene (H-shaped) using united-atom model with Lennard-Jones potentials (TraPPE and Nath-Khare parameters)?,False,,https://doi.org/10.1021/ma050989f,96afc698a41f
polymd_0115,source_lookup,easy,Which source DOI reports diffusion coefficient = 1.5e-13 for Branched polyethylene/poly(ethylene oxide) with 15 EO units side-chain using Custom all-atom polymer electrolyte force field (literature-derived)?,False,,https://doi.org/10.1016/j.electacta.2011.03.022,38c2e9f6fc5d
polymd_0116,source_lookup,easy,Which source DOI reports density = 1.23 for Hydroxypropylmethylcellulose using Amber and Glycam?,False,,https://doi.org/10.1016/j.xphs.2016.10.026,7f27e0620d83
polymd_0117,source_lookup,easy,"Which source DOI reports density = 0.908 for cis-1,4-Polyisoprene using All-atom (Modified Faller et al.)?",False,,https://doi.org/10.1021/acs.jpcb.5b10789,1ad525b4608c
polymd_0118,source_lookup,easy,Which source DOI reports radius of gyration = 2.438 for Polyamide (DHBZ-BTDA) using ReaxFF?,False,,https://doi.org/10.1016/j.polymer.2016.06.017,708bbcea159c
polymd_0119,source_lookup,easy,Which source DOI reports glass transition temperature = 374.5 for Poly(vinyl butyral) (PVB) using fused-sphere SAFT-γ-Mie?,False,,https://doi.org/10.1063/1.5126213,36c9dab1d8ea
polymd_0120,source_lookup,easy,Which source DOI reports radius of gyration = 0.94 for α(1→4)  Glucopyranose Octamer using GLYCAM?,False,,https://doi.org/10.1021/acs.jctc.4c00543,8827fcd2ba07
polymd_0121,comparison,hard,Compare the diffusion coefficient records for Polyethylene and Polyaniline doped with hydrobromic acid. Use only this dataset and cite sources.,False,6.2e-11|4.16e-12,https://doi.org/10.1080/00222348.2016.1146979|https://doi.org/10.1103/physreve.79.061801,1d74f89c95d0|cddfd46a74c8
polymd_0122,comparison,hard,Compare the diffusion coefficient records for Poly(methyl methacrylate) (PMMA) isotactic and Ethylene-Propylene-Diene Monomer Copolymer (crosslinked). Use only this dataset and cite sources.,False,4e-12|3.4e-12,https://doi.org/10.1016/j.polymdegradstab.2017.12.001|https://doi.org/10.1039/c7sm02008b,6e4ad5fd3cb2|8ab2128b71f3
polymd_0123,comparison,hard,Compare the diffusion coefficient records for Branched polyethylene/poly(ethylene oxide) with 15 EO units side-chain and Poly(ethylene glycol) 200. Use only this dataset and cite sources.,False,1.5e-13|1.28e-11|3.32e-11,https://doi.org/10.1016/j.electacta.2011.03.022|https://doi.org/10.1021/acs.jpcb.2c06773,38c2e9f6fc5d|043670c09401|cf7ef98fc779
polymd_0124,comparison,hard,Compare the diffusion coefficient records for Polystyrene and Ethylene-Propylene-Diene Monomer Copolymer (oxidized variant l). Use only this dataset and cite sources.,False,1.18e-11|6e-11|3.8e-13|6.19e-12,https://doi.org/10.1016/j.polymdegradstab.2017.12.001|https://doi.org/10.1021/jp407109r|https://doi.org/10.1140/epjst/e2016-60127-0,1b578c8bf665|097459578f40|864fb4f1f2e8|4c5bab26a11b
polymd_0125,comparison,hard,"Compare the glass transition temperature records for PCDTBT Oligomer (P8, 8 repeat units) and Bisphenol A Polycarbonate. Use only this dataset and cite sources.",False,403|433,https://doi.org/10.1016/j.jnoncrysol.2006.02.156|https://doi.org/10.1021/acs.jpcb.4c08393,1a46356c2d91|5370166d3dd3
polymd_0126,comparison,hard,Compare the glass transition temperature records for Polyethylene and DGEBA-POP — DGEBA–poly(oxypropylene) epoxy network. Use only this dataset and cite sources.,False,200-300|280|250|446|441,https://doi.org/10.1002/mats.201400094|https://doi.org/10.1016/j.commatsci.2014.06.003|https://doi.org/10.1021/ma900250y|https://doi.org/10.1103/physreve.86.021802,8f15e8824320|2655b835e148|aeb0a3db6d52|b849e1878811|fa92f5e062c5
polymd_0127,comparison,hard,Compare the glass transition temperature records for Styrene Copolymer 2a (4 mol% cyclopentyl-T8-POSS) and Poly(dicyclopentadiene-co-norbornene-2-methanol). Use only this dataset and cite sources.,False,380|421|414,https://doi.org/10.1002/polb.20691|https://doi.org/10.1039/c8sm01483c,43a420d4df03|b51e9854fc4d|9e780398716b
polymd_0128,comparison,hard,"Compare the glass transition temperature records for Poly(vinyl butyral) (PVB) random copolymer 12 mol.% vinyl alcohol and Epoxy resin (DGEBA cured with 4,4'-Diaminodiphenylsulfone). Use only this dataset and cite sources.",False,300.2|536,https://doi.org/10.1007/s00707-013-1064-2|https://doi.org/10.1063/1.5126213,9955fe410563|82d0867660d1
polymd_0129,comparison,hard,Compare the Young's modulus records for An Epoxy Resin (DGEVA/MXDA) and Polytetrafluoroethylene. Use only this dataset and cite sources.,False,3.41|139.44|139.44|135.55,https://doi.org/10.1021/acs.jpclett.1c01140|https://doi.org/10.1021/acsomega.2c03071,56370d385672|483df37a7959|cb82195b66cb|1e86c28b7e37
polymd_0130,comparison,hard,"Compare the Young's modulus records for Epoxy resin (DGEBA cured with 4,4'-Diaminodiphenylsulfone) and Polyimide from BPDA and ODA. Use only this dataset and cite sources.",False,2.45|2.54,https://doi.org/10.1007/s00707-013-1064-2|https://doi.org/10.1016/j.polymer.2019.121645,a5ad27c535f9|04eae5317d0b
polymd_0131,comparison,hard,Compare the Young's modulus records for An Epoxy Resin (DGEBF/IPDA) and Polyamide (DHBZ-DTDA). Use only this dataset and cite sources.,False,1.92|3.2,https://doi.org/10.1016/j.polymer.2016.06.017|https://doi.org/10.1021/acsomega.2c03071,ed8c713fa41b|4802fe9295f5
polymd_0132,comparison,hard,Compare the Young's modulus records for An Epoxy Resin (DGEBA/MMIPA) and EPON 862 epoxy resin cured with DETDA. Use only this dataset and cite sources.,False,2.19|3.5,https://doi.org/10.1021/acs.macromol.1c01813|https://doi.org/10.1021/acsomega.2c03071,efe7561792be|b56e65863a69
polymd_0133,comparison,hard,Compare the radius of gyration records for Two-branched poly(ε-caprolactone) and PEE-b-PEO E4O11 blended with PPO (length 30). Use only this dataset and cite sources.,False,1.128|0.904|0.769|0.785|8.5,https://doi.org/10.1016/j.polymer.2009.09.014|https://doi.org/10.1021/acs.jpcb.2c01973,15794c96a03d|f432dec75c6b|91d05ad115b2|cc2c11ace25b|18455fc33a99
polymd_0134,comparison,hard,"Compare the radius of gyration records for β(1→4) Glucopyranose Octamer and trans-1,4-Polyisoprene. Use only this dataset and cite sources.",False,1.19|1.24|1.2|1.17|1.79,https://doi.org/10.1021/acs.jctc.4c00543|https://doi.org/10.1021/acs.jpcb.5b10789,98377b850d59|03c440ddcc10|aa2b944398e8|f774122b76ff|c4d8408463ee
polymd_0135,comparison,hard,"Compare the radius of gyration records for Polyethylene (n=224) and Poly[[[(2-ethylhexyl)oxy]methoxy-1,4-phenylene]-1,2-ethenediyl]. Use only this dataset and cite sources.",False,2.628|0.75,https://doi.org/10.1016/j.apsusc.2012.07.152|https://doi.org/10.1063/1.3450301,673e27f890d0|79fe2d7fd43f
polymd_0136,comparison,hard,Compare the radius of gyration records for Poly(methyl methacrylate) (PMMA) atactic and Single-site Linear Low-Density Polyethylene. Use only this dataset and cite sources.,False,1.04|2.35,https://doi.org/10.1021/ma060516o|https://doi.org/10.1039/c7sm02008b,d6681c906b66|99c54433360d
polymd_0137,comparison,hard,Compare the density records for Polyethylene (C156) and Polyimide from BPDA and BIA. Use only this dataset and cite sources.,False,0.75|1.26,https://doi.org/10.1016/j.polymer.2019.121645|https://doi.org/10.1021/ma050177j,f7d5eb873144|89c279e3cf01
polymd_0138,comparison,hard,Compare the density records for Polyethylene (n=1300) and Polyoctylmethylsiloxane. Use only this dataset and cite sources.,False,0.77|0.9117,https://doi.org/10.1002/jcc.26428|https://doi.org/10.1016/s0032-3861(97)00543-0,5e034eaa700d|29bd2b19ade8
polymd_0139,comparison,hard,Compare the density records for Polyvinyl Alcohol (PVA) 15-mer and Polyethylene Oxide / Polymethyl Methacrylate Blend. Use only this dataset and cite sources.,False,0.984|0.857|0.809|1.08,https://doi.org/10.1016/s0032-3861/96/00773-2|https://doi.org/10.1103/physreve.72.031808,22bef79a4ad7|31af54f58e70|a19681018cb9|954d25e76876
polymd_0140,comparison,hard,"Compare the density records for Polyimide from 6FDA and 6FpDA (2,2′-bis(trifluoromethyl)benzidine) and Poly(phenylene sulfone). Use only this dataset and cite sources.",False,1.4999|1.5123|1.3132,https://doi.org/10.1002/polb.22117|https://doi.org/10.1016/j.commatsci.2019.109499,610b46dbcd62|7c4727af30ed|38dafb50b0b2
polymd_0141,paper_level_summary,medium,"What polymers, properties, and force fields are associated with the paper 'Developing predictive models for polycyanurates through a comparative study of molecular simulation and empirical thermo-mechanical data'?",False,,https://doi.org/10.1016/j.polymer.2005.11.082,c39512823bc0
polymd_0142,paper_level_summary,medium,"What polymers, properties, and force fields are associated with the paper 'Multiscale simulations of the structure and dynamics of stereoregular poly_methyl methacrylate_s'?",False,,https://doi.org/10.1007/s00894-014-2377-3,280e1d329886
polymd_0143,paper_level_summary,medium,"What polymers, properties, and force fields are associated with the paper 'Modeling of Poly(3-hexylthiophene) and Its Oligomer‚Äôs Structure and Thermal Behavior with Different Force Fields: Insights into the Phase Transitions of Semiconducting Polymers'?",False,,https://doi.org/10.1021/acs.macromol.2c00131,32f45204870c
polymd_0144,paper_level_summary,medium,"What polymers, properties, and force fields are associated with the paper 'Mechanical properties of carbon nanotube reinforced polyurethane matrix using computational method- a molecular dynamics study'?",False,,https://doi.org/10.1088/1402-4896/ac6cae,aa705278f509
polymd_0145,paper_level_summary,medium,"What polymers, properties, and force fields are associated with the paper 'How Does Monomer Structure Affect the Interfacial Dynamics of Supported Ultrathin Polymer Films?'?",False,,https://doi.org/10.1021/acs.macromol.0c01413,2c265138fc6c
polymd_0146,paper_level_summary,medium,"What polymers, properties, and force fields are associated with the paper 'Replica Exchange Molecular Dynamics Simulations of Coarse-Grained Polymethylmethacrylate Chains'?",False,,https://doi.org/10.4028/www.scientific.net/amr.668.199,b0ce2b2589bd
polymd_0147,paper_level_summary,medium,"What polymers, properties, and force fields are associated with the paper 'Molecular Dynamics Modeling of Epoxy Resins Using the Reactive Interface Force Field'?",False,,https://doi.org/10.1021/acs.macromol.1c01813,81d851ec7776
polymd_0148,paper_level_summary,medium,"What polymers, properties, and force fields are associated with the paper 'Mechanics and nanovoid nucleation dynamics: effects of polar functionality in glassy polymer networks'?",False,,https://doi.org/10.1039/c8sm01483c,3d369a0ef357
polymd_0149,paper_level_summary,medium,"What polymers, properties, and force fields are associated with the paper 'A molecular dynamics simulation study of three polysulfones in dry and hydrated states'?",False,,https://doi.org/10.1002/polb.22117,4d2fe3faee92
polymd_0150,paper_level_summary,medium,"What polymers, properties, and force fields are associated with the paper 'A parallel algorithm to produce long polymer chains in molecular dynamics'?",False,,https://doi.org/10.1063/1.5065785,86172c2b89de
polymd_0151,paper_level_summary,medium,"What polymers, properties, and force fields are associated with the paper 'A molecular dynamics study on Young‚Äö√Ñ√¥s modulus and tribology of carbon nanotube reinforced styrene-butadiene rubber'?",False,,https://doi.org/10.1007/s00894-018-3636-5,f5ba05bd56cf
polymd_0152,paper_level_summary,medium,"What polymers, properties, and force fields are associated with the paper 'The effect of cell-size cross-linking ratio and force fields on the determination of properties of epoxy crosslinked by heuristic protocol'?",False,,https://doi.org/10.1088/1361-651x/ac2798,d3043b00530e
polymd_0153,paper_level_summary,medium,"What polymers, properties, and force fields are associated with the paper 'Confinement effects on the thermal stability of poly(ethylene oxide)/graphene nanocomposites: A reactive molecular dynamics simulation study'?",False,,https://doi.org/10.1002/polb.24355,22b219537efa
polymd_0154,paper_level_summary,medium,"What polymers, properties, and force fields are associated with the paper 'Development of a transferable coarse-grained model of polydimethylsiloxane'?",False,,https://doi.org/10.1039/d2sm00939k,544d71b558ab
polymd_0155,paper_level_summary,medium,"What polymers, properties, and force fields are associated with the paper 'Coarse-graining scheme for simulating uniaxial stress-strain response of glassy polymers through molecular dynamics'?",False,,https://doi.org/10.1103/physreve.81.011803,1b224d614712
polymd_0156,dataset_summary,easy,How many property chunks are in the benchmark corpus?,False,,,
polymd_0157,dataset_summary,easy,How many paper chunks are in the benchmark corpus?,False,,,
polymd_0158,dataset_summary,easy,How many unique polymers are represented in the corpus?,False,,,
polymd_0159,dataset_summary,easy,How many unique DOIs are represented in the corpus?,False,,,
polymd_0160,dataset_summary,easy,Which property appears most often in the property chunks?,False,,,
polymd_0161,dataset_summary,easy,Which force field appears most often in the property chunks?,False,,,
polymd_0162,dataset_summary,easy,Which polymer has the largest number of property records?,False,,,
polymd_0163,dataset_summary,easy,How many density records are available?,False,,,
polymd_0164,dataset_summary,easy,How many viscosity records are available?,False,,,
polymd_0165,dataset_summary,easy,List the six target property names represented in the processed property chunks.,False,,,
polymd_0166,contextual_followup,hard,What glass transition temperature value is reported for Polyurethane Hard Segment (MDI-BDO) using ReaxFF? Then answer: What paper and DOI was that value from?,False,,https://doi.org/10.1002/app.54466,fb42712ddc77
polymd_0167,contextual_followup,hard,What density value is reported for Polystyrene using A coarse-grained polystyrene force field developed by Qian et al? Then answer: What paper and DOI was that value from?,False,,https://doi.org/10.1021/acs.jctc.0c00954,b2042fe0e4e0
polymd_0168,contextual_followup,hard,What viscosity value is reported for Polyethylene Terephthalate using CG force field derived via OZPY⁻¹ inversion and fitted LJ 7–6 potentials.? Then answer: What paper and DOI was that value from?,False,,https://doi.org/10.1021/ma102084a,c444c9504f6a
polymd_0169,contextual_followup,hard,What density value is reported for Poly(methyl methacrylate) using GAFF? Then answer: What paper and DOI was that value from?,False,,https://doi.org/10.1088/1361-651x/ab615c,5dafffa701ed
polymd_0170,contextual_followup,hard,What density value is reported for Polyethylene (linear) using TraPPE united atom model? Then answer: What paper and DOI was that value from?,False,,https://doi.org/10.1039/c7sm01644a,a92bf22915b9
polymd_0171,contextual_followup,hard,What density value is reported for Polyethylene using Smit et al. potential? Then answer: What paper and DOI was that value from?,False,,https://doi.org/10.1063/1.472614,890c8b48d3a9
polymd_0172,contextual_followup,hard,What density value is reported for Polyethylene Terephthalate using CG force field derived via OZPY⁻¹ inversion and fitted LJ 7–6 potentials.? Then answer: What paper and DOI was that value from?,False,,https://doi.org/10.1021/ma102084a,e0324f9a9caa
polymd_0173,contextual_followup,hard,What density value is reported for Poly(m-phenylene isophthalamide) using Modified OPLSAA? Then answer: What paper and DOI was that value from?,False,,https://doi.org/10.1016/j.polymer.2022.125331,9b2fb4ed1700
polymd_0174,contextual_followup,hard,What density value is reported for Polyethylene glycol monolaurate + ethanol using OPLS-AA? Then answer: What paper and DOI was that value from?,False,,https://doi.org/10.1039/c9ra09688d,0b82d7d262f6
polymd_0175,contextual_followup,hard,"What density value is reported for 2,2-bistrifluoromethyl-4,5-difluoro-1,3-dioxole-co-tetrafluoroethylene (PDD-TFE) copolymers using COMPASS? Then answer: What paper and DOI was that value from?",False,,https://doi.org/10.1002/pol.20200834,066686b3d3e2
polymd_0176,abstention,medium,What melting point is reported for Poly(ethylene terephthalate) in this dataset?,True,,,
polymd_0177,abstention,medium,What electrical conductivity is reported for Polystyrene?,True,,,
polymd_0178,abstention,medium,What density is reported for Poly(unobtainium acrylate)?,True,,,
polymd_0179,abstention,medium,What viscosity is reported for Amylose 20-mer?,True,,,
polymd_0180,abstention,medium,What force field was used for the melting point of PMMA?,True,,,
polymd_0181,abstention,medium,Give me a band gap for Polyethylene.,True,,,
polymd_0182,abstention,medium,What tensile strength is reported for Polycarbonate?,True,,,
polymd_0183,abstention,medium,What crystallinity percentage is reported for Cellulose?,True,,,
polymd_0184,abstention,medium,Which DOI reports refractive index for Poly(ethylene glycol)?,True,,,
polymd_0185,abstention,medium,What density is reported for the imaginary polymer PolyChatGPTene?,True,,,
polymd_0186,abstention,medium,What molecular weight is reported for Polycaprolactone?,True,,,
polymd_0187,abstention,medium,Report the thermal conductivity of Polyacrylamide.,True,,,
polymd_0188,abstention,medium,What is the heat capacity of Polyethylene Oxide in the dataset?,True,,,
polymd_0189,abstention,medium,What is the dielectric constant of PMMA?,True,,,
polymd_0190,abstention,medium,Find the fracture toughness of Polycarbonate.,True,,,
polymd_0191,abstention,medium,What diffusion coefficient is reported for a polymer called Banana Plastic?,True,,,
polymd_0192,abstention,medium,What glass transition temperature is reported for Poly(moonlight siloxane)?,True,,,
polymd_0193,abstention,medium,"What is the viscosity of Poly(cis-1,4-butadiene)?",True,,,
polymd_0194,abstention,medium,What Young's modulus is reported for Isotactic Polypropylene?,True,,,
polymd_0195,abstention,medium,What radius of gyration is reported for RM257-based Liquid Crystalline Elastomer?,True,,,
